"Status","Start Time","Stop Time","Duration in ms","Parent Suite","Suite","Sub Suite","Test Class","Test Method","Name","Description"
"broken","Thu Jun 06 12:30:48 CEST 2024","Thu Jun 06 12:30:48 CEST 2024","1","Default suite","Default test","tests.Extendreports","tests.Extendreports","afterTest","afterTest",""
"broken","Sun Jul 07 14:04:05 CEST 2024","Sun Jul 07 14:04:44 CEST 2024","38885"," Dragan Suite","B_Tests Two","tests.KMSTest2","tests.KMSTest2","testKMS","testKMS",""
"broken","Sun Jul 07 14:04:44 CEST 2024","Sun Jul 07 14:05:17 CEST 2024","32398"," Dragan Suite","B_Tests Two","tests.KMSTest2","tests.KMSTest2","test_Productions","test_Productions",""
"broken","Sun Jul 07 14:07:54 CEST 2024","Sun Jul 07 14:08:30 CEST 2024","36190"," Dragan Suite","A_Tests One","tests.SmokeTest","tests.SmokeTest","smoke","smoke",""
"broken","Sun Jul 07 14:06:16 CEST 2024","Sun Jul 07 14:06:42 CEST 2024","25997"," Dragan Suite","B_Tests Two","tests.KMSTest2","tests.KMSTest2","test_Resources","test_Resources",""
"passed","Sun Jul 07 20:11:39 CEST 2024","Sun Jul 07 20:11:49 CEST 2024","9276"," Dragan Suite","A_Tests One","tests.KMSTest","tests.KMSTest","testKMS","testKMS",""
"passed","Thu Jun 06 12:48:15 CEST 2024","Thu Jun 06 12:48:22 CEST 2024","6189","Default suite","Default test","tests.Extendreports","tests.Extendreports","testKMS","testKMS",""
"broken","Sun Jul 07 20:11:49 CEST 2024","Sun Jul 07 20:12:26 CEST 2024","36342"," Dragan Suite","A_Tests One","tests.KMSTest","tests.KMSTest","test_Productions","test_Productions",""
"broken","Sun Jul 07 14:06:42 CEST 2024","Sun Jul 07 14:07:16 CEST 2024","33400"," Dragan Suite","B_Tests Two","tests.KMSTest2","tests.KMSTest2","test_About","test_About",""
"broken","Wed Jun 05 23:25:30 CEST 2024","Wed Jun 05 23:25:31 CEST 2024","1651","Default suite","Default test","tests.KMSTestChrome","tests.KMSTestChrome","testKMS","testKMS",""
"passed","Sun Jul 07 20:13:43 CEST 2024","Sun Jul 07 20:13:56 CEST 2024","12931"," Dragan Suite","A_Tests One","tests.KMSTest","tests.KMSTest","test_About","test_About",""
"broken","Wed Jun 05 23:25:31 CEST 2024","Wed Jun 05 23:25:31 CEST 2024","1","Default suite","Default test","tests.KMSTestChrome","tests.KMSTestChrome","afterTest","afterTest",""
"passed","Thu Jun 06 12:48:22 CEST 2024","Thu Jun 06 12:48:26 CEST 2024","4447","Default suite","Default test","tests.Extendreports","tests.Extendreports","testKMSOne","testKMSOne",""
"broken","Thu Jun 06 12:23:22 CEST 2024","Thu Jun 06 12:23:22 CEST 2024","1","Default suite","Default test","tests.KMSTest","tests.KMSTest","afterTest","afterTest",""
"passed","Sun Jul 07 20:13:29 CEST 2024","Sun Jul 07 20:13:42 CEST 2024","13300"," Dragan Suite","A_Tests One","tests.KMSTest","tests.KMSTest","test_Resources","test_Resources",""
"broken","Sun Jul 07 14:05:17 CEST 2024","Sun Jul 07 14:05:43 CEST 2024","26046"," Dragan Suite","B_Tests Two","tests.KMSTest2","tests.KMSTest2","test_Industries","test_Industries",""
"broken","Sun Jul 07 20:12:26 CEST 2024","Sun Jul 07 20:12:52 CEST 2024","26202"," Dragan Suite","A_Tests One","tests.KMSTest","tests.KMSTest","test_Industries","test_Industries",""
"broken","Sun Jul 07 14:05:44 CEST 2024","Sun Jul 07 14:06:16 CEST 2024","32042"," Dragan Suite","B_Tests Two","tests.KMSTest2","tests.KMSTest2","test_CaseStudies","test_CaseStudies",""
"passed","Sun Jul 07 20:12:53 CEST 2024","Sun Jul 07 20:13:29 CEST 2024","36033"," Dragan Suite","A_Tests One","tests.KMSTest","tests.KMSTest","test_CaseStudies","test_CaseStudies",""
"passed","Sun Jul 07 20:13:59 CEST 2024","Sun Jul 07 20:14:00 CEST 2024","395"," Dragan Suite","Dragan test","tests.RestTest","tests.RestTest","kms","kms",""
